--Book Event EventBook SubThemeBook SubTheme Theme OrderLine------------------------------

---------------INSERT BOOK----------------------------------


INSERT INTO Book VALUES ('2253092533','1','TVA Livre','Le piège',null, '8.10','L auteur à succès Linda Conrads n a pas quitté sa maison depuis onze ans. Hantée par la mort de sa soeur et le visage de son assassin, qu elle a surpris juste avant qu il ne prenne la fuite, elle vit désormais recluse.','http://www.gibertjoseph.com/le-piege-8950921.html',null,null,null,'15','interessant','1');
INSERT INTO Book VALUES ('2253092770','1','TVA Livre', 'Da Vinci Code',null, '5.90','Robert Langdon, un éminent spécialiste de symbologie de Harvard, est convoqué d urgence au Louvre. On a découvert un message codé sur le cadavre du conservateur en chef, retrouvé assassiné au milieu de la Grande Galerie.','http://www.gibertjoseph.com/da-vinci-code-8869292.html',null,null,null,'11','long et ennuyeux','1');
INSERT INTO Book VALUES ('2265116491','3','TVA livre', 'Comme de long échos',null, '19.90',' Partout, les monstres sont chez eux... » Vincent Dussart est sûr de son coup. Ce break imposé par sa femme va prendre fin aujourd hui. Il n a rien laissé au hasard. Comme toujours. Confiant, il pénètre dans la maison .','http://www.gibertjoseph.com/comme-de-longs-echos-8822343.html',null,null,null,'7',null,'2');
INSERT INTO Book VALUES ('2743640707','4','TVA Livre', 'Les Proies',null, '9.00','Pendant la Guerre de Sécession, un soldat yankee blessé est recueilli dans un pensionnat de jeunes filles du Sud. L intrusion d un homme bouleverse ce milieu féminin corseté et replié sur lui-même. Objet de tous les fantasmes','http://www.gibertjoseph.com/les-proies-8762857.html',null,null,null,'34','Magnifique livre , je conseille !','1');
INSERT INTO Book VALUES ('2330081545','6','TVA Livre','Le détective de Freud',null, '9.80','Paris, 1911. À l issue du congrès de l Association Psychanalytique Internationale, le jeune docteur Du Barrail est chargé par Sigmund Freud en personne d enquêter sur la mort mystérieuse d un de leurs confrères, retrouvé.','http://www.gibertjoseph.com/le-detective-de-freud-8762609.html',null,null,null,'19','Chef d oeuvre','1');
INSERT INTO Book VALUES ('2290147001''4','TVA Livre','Laisse moi t aimer',null, '7.40',null,'http://www.gibertjoseph.com/laisse-moi-t-aimer-8403762.html',null,null,null,'63',null,'1');
INSERT INTO Book VALUES ('2290140961','2','TVA Livre', 'Les ladies de Lantern Street','La femme mystere', '4.52',null,'http://www.gibertjoseph.com/les-ladies-de-lantern-street-la-femme-mystere-8403758.html',null,null,null,'25','Top!','2');
INSERT INTO Book VALUES ('2290139998','7','TVA Livre', 'Le jeu de la tentation',null, '7.95','Trouver l amour ? En ce qui la concerne, Kate Seymour y a renoncé depuis une éternité. Ironie du sort, elle a hérité d un don infaillible : détecter l alchimie entre deux êtres. Alors, faisant contre mauvaise fortune','http://www.gibertjoseph.com/le-jeu-de-la-tentation-8403757.html',null,null,null,'24',null,'1');
INSERT INTO Book VALUES ('2811222510','2','TVA Livre', 'Wild heart',null, '7.20','Alors que Menzoberazzan goûte à un semblant de paix, libérée de ses hordes de démons, l Outreterre panse ses plaies. Le barbare du Valbise et son compagnon halfelin, seulement désireux de profiter de leur nouvelle','http://www.gibertjoseph.com/le-detective-de-freud-8762609.html',null,null,null,'19','Incroyable','2');
INSERT INTO Book VALUES ('2290139963','3','TVA Livre', 'Gareth',null, '4.07','GarethGrace Burrowes (Auteur) Depuis neuf ans, Gareth Alexander se conduit en libertin. Pour satisfaire la dernière volonté d une amie, il est contraint d apprendre à Felicity Worthington, comment diriger une maison close. Mais il renâcle de plus','http://www.gibertjoseph.com/gareth-8392808.html',null,null,null,'39','Pas terrible','1');




-----------------INSERT EVENT-------------------------------------------



INSERT INTO Occasion VALUES ('1','12/07/2018','12/08/2018','Le mois de l amour','5');



--------------------INSERT EventBook------------------------------------------------

INSERT INTO OccasionBook Values ('1','2290147001','Le mois de l amour');
INSERT INTO OccasionBook Values ('1','2290140961','Le mois de l amour');
INSERT INTO OccasionBook Values ('1','2290139998','Le mois de l amour');
INSERT INTO OccasionBook Values ('1','2811222510','Le mois de l amour');
INSERT INTO OccasionBook Values ('1','2290139963','Le mois de l amour');



----------------------SubThemeBook-----------------------------------------

INSERT INTO SubThemeBook Values('1','2253092533','Americain');
INSERT INTO SubThemeBook Values('3','2253092770','Moderne');
INSERT INTO SubThemeBook Values('3','2265116491','Moderne');
INSERT INTO SubThemeBook Values('1','2743640707','Americain');
INSERT INTO SubThemeBook Values('2','2330081545','Asiatique');
INSERT INTO SubThemeBook Values('5','2290147001','Americain');
INSERT INTO SubThemeBook Values('2','2290140961','Asiatique');
INSERT INTO SubThemeBook Values('4','2290139998','18 ème siècles');
INSERT INTO SubThemeBook Values('3','2811222510','18 ème siècles');
INSERT INTO SubThemeBook Values('1','2290139963','Australien');



----------------------SubTheme-------------------------------


INSERT INTO SubTheme Values ('Americain','Amour');
INSERT INTO SubTheme Values ('Asiatique','Amour');
INSERT INTO SubTheme Values	('18 ème siècles','Amour');
INSERT INTO SubTheme Values	('Moderne','Amour');
INSERT INTO SubTheme Values	('Australien','Amour');
INSERT INTO SubTheme Values ('Americain','Policier');
INSERT INTO SubTheme Values ('Asiatique','Policier');
INSERT INTO SubTheme Values	('18 ème siècles','Policier');


-------------------Theme------------------------------

INSERT INTO Theme Values ('Policier');
INSERT INTO Theme Values ('Amour');



------------------OrderLine--------------


INSERT INTO OrderLine Values ('1','2','2330081545','1','3','5f','9.80','5');
INSERT INTO OrderLine Values ('2','4','2290147001','1','1','5f','7.40','5');
INSERT INTO OrderLine Values ('3','5','2290140961','2','1','5f','4.52','5');
